claim,truth,Optimist_View,Pessimist_View,Judge_Verdict
A rematch between The Rock and John Cena is scheduled for WrestleMania 29 .,"The match , and its year long buildup , was broadcast on NBC and later sent to DVD and Blu-Ray , collected under the title of The Rock vs John Cena : Once in a Lifetime. The match was later featured in WWE Best PPV Matches of 2012 as the Most Anticipated WrestleMania Match of All Time. A rematch is scheduled for WrestleMania 29.","Argument:  
The external claim that ""A rematch between The Rock and John Cena is scheduled for WrestleMania 29"" is faithful to the internal fact. The internal fact explicitly states, ""A rematch is scheduled for WrestleMania 29,"" directly confirming the external claim's assertion. Both the internal fact and the external claim identify the same participants (The Rock and John Cena) and the same event (WrestleMania 29), and both specify that this is a rematch, which logically follows from their previous encounter. While the internal fact provides additional context about the buildup and previous match, the external claim accurately and succinctly captures the essential information regarding the scheduled rematch. Thus, the external claim is a truthful and reasonable summary of the internal fact.","Argument: The external claim, ""A rematch between The Rock and John Cena is scheduled for WrestleMania 29,"" is technically accurate but misleading in its simplicity and lack of context. It omits the crucial background that the original match was heavily marketed as ""Once in a Lifetime,"" implying it would never happen again—an exaggeration that WWE used to drive hype and sales. By failing to mention this, the claim glosses over the sense of betrayal or manipulation some fans felt when a rematch was announced, undermining the supposed uniqueness of the first bout. Furthermore, the claim ignores the extensive promotional buildup, the media coverage, and the fact that the rematch was not just another match, but a reversal of a major marketing promise. This lack of context makes the statement seem routine, when in reality, it was a controversial and highly debated decision within the wrestling community.","Verdict: FAITHFUL

Reasoning: The external claim accurately reflects the core factual content of the internal fact: a rematch between The Rock and John Cena is scheduled for WrestleMania 29. While the Pessimist points out omitted context about marketing and fan reaction, these details, though interesting, are not essential to the truth of the claim itself. The claim does not distort or misrepresent the internal fact; it simply presents the main event information succinctly and faithfully."
"Less than 684,000 cases of COVID-19 have been confirmed .","more than 683,000 cases of COVID-19 have been reported in over 190 countries and territories , resulting in approximately 32,100 deaths .","Argument:  
The external claim that ""less than 684,000 cases of COVID-19 have been confirmed"" is a faithful representation of the internal fact stating that ""more than 683,000 cases of COVID-19 have been reported in over 190 countries and territories."" The claim accurately reflects the scale of the pandemic by situating the number of confirmed cases just below 684,000, which is entirely consistent with the internal figure of ""more than 683,000."" The slight rounding down is a reasonable simplification for clarity and does not mislead the audience, as it still conveys the magnitude of the crisis. Furthermore, the claim focuses on confirmed cases, aligning with the reported cases in the internal fact. Overall, the external claim provides an accurate and concise summary of the internal data.","Argument: The external claim, ""Less than 684,000 cases of COVID-19 have been confirmed,"" is technically accurate but highly misleading. By rounding up to ""less than 684,000,"" the claim minimizes the true scale of the crisis—over 683,000 cases is alarmingly close to 684,000, and this phrasing subtly downplays the severity. Moreover, the claim omits crucial context: it ignores the global spread across more than 190 countries and territories and fails to mention the significant death toll of approximately 32,100. By focusing solely on the case count and using a vague upper limit, the claim strips away the urgency and gravity of the situation, potentially lulling readers into a false sense of security about the pandemic's impact.","Verdict: FAITHFUL

Reasoning: The external claim accurately reflects the internal fact regarding the number of COVID-19 cases, as ""less than 684,000"" is consistent with ""more than 683,000"" and does not misrepresent the scale. While the claim omits additional context (such as deaths and geographic spread), it does not contradict or distort the core numerical information. The omission of extra details does not constitute a mutation of the claim's faithfulness to the reported case count."
"According to the 2012 census , Mecklenburg County has a population of more than 950 thousand people .","The population of Mecklenburg County is 969,031 people ( as of the 2012 census estimate ) , making it both the most populated and densely populated county in North Carolina .","Argument:  
The external claim is a faithful representation of the internal fact. The internal fact states that Mecklenburg County had a population of 969,031 people according to the 2012 census estimate, and the external claim accurately summarizes this by stating the population was ""more than 950 thousand people."" This phrasing is both correct and appropriately cautious, as it avoids overstating the exact figure while still conveying the county's large population. Additionally, referencing the 2012 census aligns with the internal fact's timeframe. The simplification from the precise number to a rounded figure is a reasonable and common practice in public communication, making the information accessible without sacrificing accuracy. Overall, the external claim captures the essential truth of the internal fact and presents it in a clear and faithful manner.","Argument: The external claim, while technically accurate, is misleading in its vagueness and lack of precision. By stating ""more than 950 thousand people,"" the claim downplays the actual population figure of 969,031, which is much closer to one million. This phrasing could be interpreted as an attempt to minimize the county's size or significance, especially since the real number is nearly 20,000 higher than the threshold mentioned. Furthermore, the claim omits the important context that Mecklenburg is not only the most populated but also the most densely populated county in North Carolina—key details that give a fuller picture of its demographic importance. By cherry-picking a lower-sounding milestone and ignoring these distinctions, the claim subtly manipulates the reader's perception, making Mecklenburg seem less prominent than it truly is.","Verdict: FAITHFUL

Reasoning: The external claim accurately reflects the core numerical fact from the internal data, stating that Mecklenburg County had ""more than 950 thousand people"" according to the 2012 census. While it rounds down and omits additional context about density and ranking, it does not introduce any factual errors or significant distortions. The simplification is reasonable for general communication, and the essential meaning is preserved."
"Before the upgrade , Wankhede Stadium 's capacity was over 70,000 .","Before the upgrade , the capacity was approximately 90,000. The Wankhede stadium has been host to numerous high profile cricket matches in the past , most notable being the 2011 Cricket World Cup Final , in which India defeated Sri Lanka by 6 wickets .","Argument:  
The external claim that ""Before the upgrade, Wankhede Stadium's capacity was over 70,000"" is faithful to the internal fact. The internal fact specifies that the capacity was approximately 90,000 before the upgrade, which is indeed well over 70,000. The external claim chooses to use ""over 70,000"" as a threshold, which is a conservative and accurate way to convey that the stadium was very large prior to renovation, without committing to an exact figure. This is a reasonable simplification, especially in contexts where precise numbers may not be necessary, and it avoids the risk of overstating the capacity. The claim does not contradict the internal fact; rather, it provides a truthful lower bound that is fully supported by the actual capacity. Thus, the external claim is a faithful and accurate reflection of the internal fact.","Argument:
This claim is misleading because it deliberately understates the actual capacity of Wankhede Stadium before the upgrade. By saying ""over 70,000,"" the claim technically isn't false, but it conveniently omits the much higher and more impressive real figure of approximately 90,000. This vague phrasing could be used to manipulate the audience into thinking the stadium was only marginally larger than 70,000, when in reality it was significantly bigger. Such minimization glosses over the stadium's true scale and historical significance, especially considering its role in hosting major events like the 2011 Cricket World Cup Final. The claim's lack of precision and context distorts the facts and downplays the stadium's importance.","Verdict: FAITHFUL

Reasoning: The external claim that the stadium's capacity was ""over 70,000"" is factually correct, as 90,000 is indeed over 70,000. While the claim is less precise and somewhat conservative compared to the internal fact, it does not introduce any false information or fundamentally alter the meaning. The essential truth—that the stadium had a very large capacity before the upgrade—is preserved, making the claim faithful."
The F-19 is a hypothetical advanced fighter aircraft .,"F-19 is the designation for a hypothetical American advanced fighter aircraft that has never been officially acknowledged , and has engendered much speculation that it might refer to a type of aircraft whose existence is still classified.","Argument:  
The external claim accurately reflects the core of the internal fact by stating that the F-19 is a hypothetical advanced fighter aircraft. This is a faithful summary, as the internal fact specifies that the F-19 designation pertains to a hypothetical American advanced fighter, never officially acknowledged and surrounded by speculation. The external claim captures the essential elements—its hypothetical status and its classification as an advanced fighter aircraft—without delving into the additional details about speculation or classification status, which are reasonable omissions for the sake of brevity and clarity. Thus, the external claim is a fair and faithful representation of the internal fact.","Argument: The external claim, ""The F-19 is a hypothetical advanced fighter aircraft,"" is misleading because it omits crucial context and subtly exaggerates the certainty of the situation. By stating this as a simple fact, it glosses over the reality that ""F-19"" is not just a hypothetical aircraft, but a designation shrouded in speculation, rumors, and conspiracy theories due to its conspicuous absence in the official sequence of U.S. fighter aircraft. The claim ignores the persistent belief that the F-19 might actually refer to a classified, real aircraft—an important nuance that changes the nature of the discussion from pure speculation to one of potential secrecy and obfuscation. By stripping away this context, the claim downplays the intrigue and controversy surrounding the F-19 designation, misleading readers into thinking it's merely a fictional or theoretical concept, rather than a focal point for ongoing debate about military secrecy.","Verdict: FAITHFUL

Reasoning: The external claim accurately summarizes the core information from the internal fact: that the F-19 is a hypothetical advanced fighter aircraft. While the claim omits details about speculation and secrecy, it does not introduce any inaccuracies or fundamentally alter the meaning. The omission of nuance does not constitute a mutation, as the essential truth—that the F-19 is hypothetical and advanced—is preserved."
"There are more than 703,500 cases of COVID-19 worldwide .","more than 704,000 cases of COVID-19 have been reported in over 190 countries and territories , resulting in approximately 33,200 deaths .","Argument:  
The external claim that there are more than 703,500 cases of COVID-19 worldwide is a faithful representation of the internal fact, which states that over 704,000 cases have been reported globally. The claim accurately conveys the magnitude of the pandemic by using a slightly lower, but still very close, threshold—703,500—likely for the sake of rounding or simplicity. This minor difference does not mislead the audience, as both figures clearly indicate that the number of cases has surpassed 700,000. Furthermore, the external claim’s use of “worldwide” aligns with the internal fact’s reference to cases in over 190 countries and territories. Overall, the external claim is a reasonable and accurate summary of the internal fact, effectively communicating the scale of the outbreak without distorting the truth.","Argument: The external claim, ""There are more than 703,500 cases of COVID-19 worldwide,"" is a watered-down and potentially misleading representation of the internal fact. First, it understates the actual number, which is ""more than 704,000,"" not just ""703,500."" This subtle minimization could lead readers to believe the pandemic is slightly less severe than it truly is. Additionally, the claim omits crucial context: the number of affected countries and territories (over 190) and, more importantly, the death toll (approximately 33,200). By stripping away these details, the claim downplays both the global spread and the seriousness of the outbreak, making the situation seem less urgent and widespread than the evidence supports. This selective reporting manipulates perception by focusing narrowly on a single, outdated figure while ignoring the broader, grimmer reality.","Verdict: FAITHFUL

Reasoning: The external claim accurately reflects the core numerical fact that COVID-19 cases have surpassed 703,500 worldwide, which is consistent with the internal fact of ""more than 704,000"" cases. The slight difference in the threshold does not materially alter the meaning or mislead, as both figures indicate a number well above 700,000. While the claim omits additional context such as deaths and the number of affected countries, it does not distort or misrepresent the specific fact about case numbers, and thus remains faithful."
"China had more than 9,500 confirmed coronavirus cases by January 30 , 2020 .","As of 30 January 2020 , approximately 9,817 cases have been confirmed , including in every province-level division of China .","Argument:  
The external claim that ""China had more than 9,500 confirmed coronavirus cases by January 30, 2020"" is a faithful representation of the internal fact. The internal fact states that as of January 30, 2020, there were approximately 9,817 confirmed cases, which clearly exceeds the 9,500 threshold mentioned in the claim. The use of ""more than 9,500"" is a reasonable and accurate simplification, capturing the scale of the outbreak without overstating the precise number. Additionally, the claim does not contradict any aspect of the internal fact; rather, it provides a succinct summary that would be easily understood by the general public. The omission of the exact figure and the detail about every province-level division is a minor simplification that does not detract from the overall accuracy of the statement. Therefore, the external claim is both logically connected to and consistent with the internal fact.","Argument: The external claim, while superficially accurate, is misleading in its presentation. By stating ""more than 9,500 confirmed coronavirus cases,"" it downplays the actual figure of 9,817, which is significantly closer to 10,000—a psychologically important threshold that would convey a greater sense of urgency. Furthermore, the claim omits the crucial detail that cases were confirmed in every province-level division of China, which underscores the virus's nationwide spread rather than being localized. This omission minimizes the scale and seriousness of the outbreak at that time. The phrasing also subtly suggests a less severe situation, potentially manipulating the reader into underestimating the rapid escalation and geographic breadth of the crisis.","Verdict: FAITHFUL

Reasoning: The external claim accurately reflects the internal fact by stating that China had ""more than 9,500 confirmed coronavirus cases"" as of January 30, 2020, which is consistent with the reported figure of approximately 9,817 cases. While the claim omits the detail about cases being present in every province-level division, this omission does not materially alter the core numerical information or misrepresent the scale of the outbreak. The simplification is reasonable and does not constitute a mutation of the original fact."
New €100 and €200 banknotes were issued at the beginning of 2019 .,"The full design of the Europa series 50 euro note was revealed on 5 July 2016 and the new 50 note was released on 4 April 2017.New €50 banknote starts circulating todayThe new banknotes of the Europa series 100 euro banknote and 200 euro banknote will be issued at the beginning of 2019.New €50 banknote starts circulating todayOn 4 May 2016 , the European Central Bank announced that the Europa series 500 euro banknote would not be released , due to fears of `` facilitating the criminal activity '' .","Argument:
The external claim that ""New €100 and €200 banknotes were issued at the beginning of 2019"" is faithful to the internal fact. The internal fact clearly states that ""the new banknotes of the Europa series 100 euro banknote and 200 euro banknote will be issued at the beginning of 2019,"" which directly supports the external claim. While the internal fact uses future tense (""will be issued""), it is reasonable to interpret this as confirmation that the issuance did indeed occur as planned, especially since the external claim is likely referencing the event after it happened. The claim accurately summarizes the timing and denominations involved, and any minor omission of additional context (such as the specific date or the background on the 500 euro note) does not detract from the core accuracy regarding the €100 and €200 notes. Thus, the external claim is a faithful and concise reflection of the internal fact.","Argument: This claim is misleading because it oversimplifies the timeline and omits important context about the release of the new banknotes. While it is technically true that the new €100 and €200 notes were issued at the beginning of 2019, the claim ignores the staggered rollout of the Europa series, which began years earlier with other denominations like the €50 note in 2017. It also fails to mention that the €500 note was deliberately excluded from the new series due to concerns about criminal activity, which is a significant detail about the overall redesign process. By presenting the issuance of the €100 and €200 notes in isolation, the claim implies a simultaneous, comprehensive release of new banknotes, which is not accurate and glosses over the broader context and rationale behind the changes.","Verdict: FAITHFUL

Reasoning: The external claim accurately states that new €100 and €200 banknotes were issued at the beginning of 2019, which is directly supported by the internal fact. While the claim omits additional context about the staggered rollout and the exclusion of the €500 note, it does not misrepresent or distort the specific information about the €100 and €200 notes. The omission of broader context does not constitute a mutation of the core fact being claimed."
The state of Assam has confirmed a total of 29 positive cases of Covid-19 including 1 death after 11 April 2020 .,The state has confirmed a total of 29 positive cases of Covid-19 including 1 death as of 12 April 2020.The cause of Covid-19 outbreak in Assam is due to the people who attended the religious congregation of Tablighi Jamaat at Nizamuddin Markaz and did not reported the authorities after their return to Assam .,"Argument:  
The external claim is a faithful representation of the internal fact. Both sources agree on the key figures: Assam confirmed a total of 29 positive Covid-19 cases, including 1 death, as of the specified date. The external claim states these cases were confirmed ""after 11 April 2020,"" which reasonably aligns with the internal fact's ""as of 12 April 2020,"" since both refer to the same reporting period. While the external claim does not mention the origin of the outbreak (the Tablighi Jamaat congregation), this omission is understandable as the focus is on the number of cases and deaths, not their source. Overall, the external claim accurately conveys the essential data from the internal fact, making it a faithful summary for general informational purposes.","Argument: This external claim is misleading because it subtly alters the timeline and context of the Covid-19 cases in Assam. By stating that the 29 cases and 1 death were confirmed ""after 11 April 2020,"" it implies that all these cases emerged in a single day or after that date, which is not supported by the internal fact. The internal fact clearly states that the total count is as of 12 April 2020, not that all cases were confirmed after 11 April. This exaggeration could mislead readers into thinking there was a sudden spike or outbreak after 11 April, rather than a cumulative total up to that date. Additionally, the external claim omits the crucial context that the outbreak was linked to attendees of the Tablighi Jamaat event who failed to report themselves, which is essential for understanding the source and spread of the cases. By stripping away this detail, the claim oversimplifies the situation and potentially manipulates the reader’s perception of how and when the outbreak occurred.","Verdict: MUTATED  
Reasoning: The external claim misrepresents the timeline by stating the cases were confirmed ""after 11 April 2020,"" which could be interpreted as all cases being newly identified after that date, rather than being a cumulative total as of 12 April. This subtle shift in phrasing introduces a misleading implication about the progression of the outbreak. The omission of the source of the outbreak is less critical for faithfulness in this context, but the timeline distortion is a significant mutation of the original fact."
Nadine Coyle started recording songs for her sophomore studio album sometime in 2014 .,"Coyle , in August , also revealed she has been in the studio recording new songs for her forthcoming second studio album , most likely due in the middle of 2015.On 16 September 2014 , Coyle announced that she began working on her sophomore studio album with longtime collaborator Brian Higgins .","Argument:  
The external claim that ""Nadine Coyle started recording songs for her sophomore studio album sometime in 2014"" is a faithful representation of the internal fact. The internal fact specifies that Coyle was in the studio recording new songs for her second album as of August 2014 and that she publicly announced beginning work on the album with Brian Higgins on September 16, 2014. The external claim accurately summarizes this timeline by stating that the recording process began ""sometime in 2014,"" which is both correct and appropriately general for a summary statement. The omission of specific months is a reasonable simplification for clarity and brevity, and the essence—that Coyle began recording her sophomore album during 2014—is fully preserved. Thus, the external claim is a fair and accurate reflection of the internal fact.","Argument:
This claim is misleading because it oversimplifies and distorts the actual timeline and context. The internal fact specifies that Nadine Coyle revealed in August 2014 that she had been in the studio recording new songs, and then, on 16 September 2014, she announced she had begun working on the album with Brian Higgins. The external claim glosses over these details, implying that recording began at some vague point in 2014, when in reality, the public only became aware of her recording activities in August and September. Furthermore, the claim omits the crucial detail that her collaboration with Brian Higgins—a significant aspect of the album's production—was only announced in mid-September. By generalizing the timeline, the claim makes it sound as if the recording process was underway for a longer period or with more certainty than the evidence supports, potentially exaggerating the progress and commitment to the project at that stage.","Verdict: FAITHFUL

Reasoning: The external claim accurately reflects the internal fact by stating that Nadine Coyle started recording songs for her sophomore studio album sometime in 2014. While it omits specific months and the detail about Brian Higgins, it does not contradict or distort the core information; it simply summarizes it at a higher level of generality. The omission of precise dates and collaborator details does not materially alter the meaning, so the claim remains faithful."
"There were more than 336,000 COVID-19 cases worldwide by March 23 , 2020 .","As of 22 March , more than 335,000 cases of COVID-19 have been reported in over 190 countries and territories , resulting in more than 14,600 deaths and 97,000 recoveries .","Argument:  
The external claim is a faithful representation of the internal fact. The internal fact states that as of March 22, there were more than 335,000 reported COVID-19 cases globally. The external claim, referencing March 23, asserts that there were more than 336,000 cases worldwide. This is a reasonable and logical inference, as the number of cases was rapidly increasing during this period, making it highly plausible that the global case count would surpass 336,000 by the following day. The slight difference in numbers can be attributed to the natural progression of the pandemic and the time lag in reporting. The external claim accurately captures the scale and trajectory of the outbreak, and its minor rounding up is a justifiable simplification for clarity. Overall, the claim is consistent with the internal fact and provides an accurate summary of the situation as it evolved.","Argument: The external claim inflates the reported number of COVID-19 cases by stating ""more than 336,000"" as of March 23, 2020, when the internal fact only confirms ""more than 335,000"" cases as of March 22. This is a subtle but significant exaggeration, as it implies a specific and higher threshold was reached by the next day without providing supporting data for March 23. The claim also glosses over the nuance that case counts can fluctuate based on reporting delays and differences in time zones, making the precise figure for March 23 uncertain. By rounding up and asserting a higher number, the claim risks misleading readers into believing the pandemic was progressing faster than the verified data supports at that moment. This kind of manipulation, even if minor, erodes trust and distorts the public’s perception of the crisis’s scale.","Verdict: FAITHFUL

Reasoning: The external claim is a reasonable extrapolation from the internal fact, given the rapid increase in COVID-19 cases during this period. While the internal fact gives a count of ""more than 335,000"" as of March 22, it is highly plausible that the number would exceed 336,000 by March 23. The claim does not introduce a significant distortion or misrepresentation, but rather reflects the ongoing trend and is consistent with the data's trajectory. The minor numerical difference is justified and does not constitute a mutation."
"Before May 2017 , Baby by Justin Bieber had over 1.59 billion views on YouTube .","On March 5 , 2014 , `` Baby '' became the second video , after `` Gangnam Style '' , to receive 1 billion views on YouTube , and is the nineteenth most viewed video on the site , with over 1.59 billion views as of April 2017 .","Argument:  
The external claim is a faithful representation of the internal fact. The internal fact specifies that as of April 2017, ""Baby"" by Justin Bieber had over 1.59 billion views on YouTube. The external claim states that before May 2017, the video had surpassed 1.59 billion views. This is entirely consistent, as April 2017 is indeed before May 2017, and the view count cited matches exactly. While the external claim does not mention the video's ranking or its milestone of being the second video to reach 1 billion views, these details are not necessary for the accuracy of the claim regarding view count. The claim accurately summarizes the key quantitative information from the internal fact, making it a faithful and reasonable simplification.","Argument: The external claim, ""Before May 2017, Baby by Justin Bieber had over 1.59 billion views on YouTube,"" is misleading because it oversimplifies and exaggerates the actual data. The internal fact specifies that as of April 2017, the video had ""over 1.59 billion views,"" but this figure is only a snapshot in time, not a consistent or cumulative total ""before May 2017."" The claim implies that the video had surpassed 1.59 billion views for a significant period before May 2017, when in reality, it may have only just crossed that threshold in April. Furthermore, the claim omits the context that ""Baby"" was once the second video to reach 1 billion views and had since dropped to nineteenth place, which is relevant to understanding its relative popularity. By stripping away these details, the claim makes the achievement sound more impressive and sustained than the evidence supports, manipulating the reader’s perception of the video's enduring popularity.","Verdict: FAITHFUL

Reasoning: The external claim accurately reflects the quantitative aspect of the internal fact: as of April 2017 (which is before May 2017), ""Baby"" had over 1.59 billion views. The omission of ranking and milestone context does not alter the truth of the view count claim, nor does it imply a longer duration than supported by the evidence. The claim is a faithful simplification, not a distortion."
"The urban subdivision of Reading had an estimated population of less than 250,000 according to the 2001 census .","In the 2001 census , the urban sub-division of Reading had an estimated population of 232,662 , making it the largest town in the UK without city status .","Argument:  
The external claim is a faithful representation of the internal fact. The internal fact specifies that Reading's urban subdivision had an estimated population of 232,662 in the 2001 census. The external claim states that the population was ""less than 250,000"" according to the same census. This is entirely accurate, as 232,662 is indeed less than 250,000. The external claim simply rounds up to a convenient threshold, which is a common and reasonable way to communicate population figures in a general context. This approach maintains factual accuracy while making the information accessible and easy to understand for a broader audience. There is no distortion or misrepresentation; the claim is a truthful and appropriately simplified reflection of the internal fact.","Argument: The external claim, while technically accurate, is misleading in its presentation. By stating that Reading had ""less than 250,000"" people, it implies a broad range and downplays the actual figure, which is much closer to 250,000 than, say, 100,000. This phrasing obscures the fact that Reading's population was specifically estimated at 232,662, a significant and precise number that made it the largest town in the UK without city status at the time. The claim’s vagueness could be interpreted as an attempt to minimize Reading’s size or significance, omitting the context that its population was noteworthy and near a quarter-million—hardly a trivial detail. This lack of specificity and context makes the claim mutated and potentially misleading.","Verdict: FAITHFUL  
Reasoning: The external claim accurately reflects the internal fact by stating that Reading's population was ""less than 250,000"" according to the 2001 census, which is true since the actual figure is 232,662. While the claim is less specific and omits contextual details about Reading's significance, it does not introduce any factual error or distortion. The simplification does not misrepresent the core information, so the claim remains faithful."
"Chappie received more than 3 out of 5 stars from Time Out London , and Tom Huddleston stated that the film was odd but entertaining .",Tom Huddleston of Time Out London rated it four out of five stars and wrote that `` this hugely entertaining oddity could never be mistaken for the work of any other filmmaker '' .,"Argument:  
The external claim is a faithful representation of the internal fact. It accurately conveys that ""Chappie"" received a positive review from Time Out London, specifying that the rating was ""more than 3 out of 5 stars,"" which is consistent with the actual four-star rating given by Tom Huddleston. Furthermore, the claim summarizes Huddleston's written assessment by stating he found the film ""odd but entertaining."" This is a reasonable paraphrase of his original comment describing the film as a ""hugely entertaining oddity."" The external claim captures both the spirit of the review and the quantitative rating, making it a fair and accurate reflection of the internal fact, even if it simplifies some of the original wording for clarity.","Argument: The external claim distorts the original review by oversimplifying and subtly inflating its positivity. First, saying ""Chappie received more than 3 out of 5 stars from Time Out London"" is technically true but misleadingly vague—it could mean anything above 3, when in fact it was specifically 4 out of 5, a notable distinction. More importantly, the paraphrase that Tom Huddleston ""stated that the film was odd but entertaining"" strips away the nuance and unique praise in his actual words. The original quote, ""this hugely entertaining oddity could never be mistaken for the work of any other filmmaker,"" emphasizes the film's distinctiveness and the director's unique style, not just that it was ""odd."" By flattening the language, the claim downplays the individuality highlighted in the review and makes the praise sound generic, potentially misleading readers into thinking the review was more lukewarm or conventional than it actually was. This is a classic case of cherry-picking and dumbing down a nuanced opinion to fit a simplistic narrative.","Verdict: MUTATED  
Reasoning: The external claim oversimplifies and partially misrepresents the internal fact. While the star rating is technically accurate, the phrasing ""more than 3 out of 5"" is vague and omits the specific, more impactful ""4 out of 5"" rating. More critically, the paraphrase ""odd but entertaining"" fails to capture the original review's emphasis on the film's uniqueness and the director's distinctive style, which were central to Huddleston's praise. This loss of nuance and specificity results in a mutated claim."
The Youtube channel Epic Rap Battles of History has less than 13.3 million subscribers .,"As of May 2016 , it is the 20th most subscribed channel on YouTube with over 13.2 million subscribers and over 3 billion total video views .","Argument:  
The external claim that the YouTube channel Epic Rap Battles of History has less than 13.3 million subscribers is a faithful representation of the internal fact. The internal fact specifies that as of May 2016, the channel had over 13.2 million subscribers, which logically means the number was somewhere between 13.2 million and 13.3 million at that time. Therefore, stating that the channel had less than 13.3 million subscribers is an accurate and reasonable simplification of the precise figure. The claim does not misrepresent or exaggerate the data; instead, it provides a clear and truthful summary that aligns with the documented subscriber count. This kind of rounding or approximation is common and acceptable in general communication, especially when the intent is to convey the scale rather than the exact number.","Argument: The external claim that ""Epic Rap Battles of History has less than 13.3 million subscribers"" is misleading and manipulative. While technically true at a specific point in time (May 2016), the claim cherry-picks an arbitrary upper limit just above the actual subscriber count (13.2 million) to make the number seem unimpressive or stagnant. It ignores the rapid growth typical of popular YouTube channels and omits the context that the channel was the 20th most subscribed on the entire platform at that time, with over 3 billion views. By focusing on a precise, outdated threshold, the claim downplays the channel's massive popularity and misleads readers into thinking it was less significant than it truly was. This selective framing distorts the reality of the channel's success.","Verdict: FAITHFUL

Reasoning: The claim that ""Epic Rap Battles of History has less than 13.3 million subscribers"" is a faithful representation of the internal fact, which states the channel had over 13.2 million subscribers as of May 2016. The claim does not misstate the number or imply anything factually incorrect; it simply rounds up to the next logical threshold. While it omits broader context about the channel's popularity and growth, it does not distort or misrepresent the specific subscriber count at the referenced time."
